<!-- This file contain patch Metadata -->
<results md5_sum="465317874585088d1512c9e8186d6a59">
  <generated_date in_epoch_ms="1729098752000">2024-10-16 17:12:32</generated_date>
  <patch has_prereqs="n" has_postreqs="n" is_system_patch="n"> 
    <bug> 
      <number>33355570</number>
      <abstract><![CDATA[AgentPatcher release of version 13.9.5.10.0 for Enterprise Manager Cloud Control Agent 13.5.0.0.0]]></abstract>
    </bug> 
    <name>33355570</name>
    <type>Patch</type>
    <status>Available</status>
    <access id="m">Open access</access> 
    <url> 
      <patch_readme host="https://updates.oracle.com"><![CDATA[/Orion/Services/download?type=readme&aru=25880035]]></patch_readme> 
      <patch_details><![CDATA[/download/33355570.html]]></patch_details>
    </url> 
    <request_id>25880035</request_id>
    <product id="12383" bugdb_id="1370"><![CDATA[Enterprise Manager Base Platform]]></product> 
    <release id="600000000156561" name="13.5.0.0.0" platform_patch_not_required="Y" cc="Y"><![CDATA[Enterprise Manager Base Platform - Agent 13.5.0.0.0]]></release> 
    <platform id="2000" bugdb_id="289"><![CDATA[Generic Platform]]></platform> 
    <language id="0" iso_code="EN"><![CDATA[American English]]></language> 
    <translations_available>No</translations_available> 
    <classification id="174">General</classification> 
    <patch_classification id="174">General</patch_classification> 
    <support_level id="G">General Support</support_level> 
    <entitlements> 
      <entitlement code="SW"/> 
    </entitlements> 
    <size>843259</size>
    <files> 
      <file> 
        <name>p33355570_135000_Generic.zip</name>
        <size>843259</size>
        <download_url host="https://updates.oracle.com"><![CDATA[/Orion/Services/download/p33355570_135000_Generic.zip?aru=25880035&patch_file=p33355570_135000_Generic.zip]]></download_url> 
        <digest type="SHA-256">74BDA57C3B15810CBAC4EE53D923C34A9D916C67687126F80C6E5EAF00C9CB3F</digest> 
        <digest type="SHA-1">3930A0C11DEB4D8B7A880F59B3E391FCCA4C491F</digest> 
      </file> 
    </files> 
    <downloads_count>0</downloads_count>
    <updated_date in_epoch_ms="1729047663000">2024-10-16 03:01:03</updated_date> 
    <released_date in_epoch_ms="1633075896000">2021-10-01 08:11:36</released_date> 
  </patch> 
</results>
